FIPS,Deaths
01001,23
01003,46
01005,10
01007,5
01009,12
01011,6
01013,6
01015,48
01017,15
01019,10
01021,17
01023,2
01025,13
01027,5
01029,6
01031,30
01033,24
01035,8
01037,6
01039,19
01041,4
01043,24
01045,10
01047,22
01049,17
01051,34
01053,11
01055,51
01057,9
01059,4
01061,13
01063,5
01065,10
01067,4
01069,32
01071,15
01073,217
01075,5
01077,43
01079,16
01081,28
01083,24
01085,4
01087,9
01089,78
01091,12
01093,12
01095,26
01097,137
01099,2
01101,127
01103,40
80001,0
01105,1
01107,8
01109,7
01111,4
01113,13
01117,42
01115,29
01119,2
01121,25
01123,14
01125,55
90001,0
01127,33
01129,4
01131,6
01133,6
02013,2
02016,1
02020,29
02050,3
02060,0
02164,0
02063,0
02066,0
02068,0
02070,1
02090,15
02100,0
02110,0
02122,1
02130,0
02150,1
02158,1
02170,26
02180,0
02185,0
02188,0
02195,1
02198,3
02220,2
02230,0
02240,2
90002,0
02261,0
02275,0
02282,1
02290,0
04001,56
04003,32
04005,21
04007,20
04009,15
04011,0
04012,7
04013,1340
04015,149
04017,67
80004,0
04019,243
04021,157
04023,14
90004,0
04025,83
04027,63
05001,8
05003,8
05005,26
05007,59
05009,10
05011,3
05013,2
05015,9
05017,3
05019,3
05021,4
05023,10
05025,4
05027,6
05029,6
05031,22
05033,23
05035,8
05037,6
05039,5
05041,2
05043,13
05045,25
05047,3
05049,2
05051,42
05053,7
05055,8
05057,2
05059,15
05061,2
05063,13
05065,4
05067,5
05069,25
05071,9
05073,2
05075,2
05077,4
05079,5
05081,4
05083,5
05085,29
05087,6
05089,4
05091,6
05093,6
05095,4
05097,4
05099,3
05101,1
05103,14
05105,4
05107,12
05109,1
05111,9
05113,9
05115,16
05117,2
05119,146
05121,4
05125,30
05127,2
05129,4
05131,34
05135,7
05123,10
05137,4
90005,0
05139,17
05141,7
05143,38
05145,27
05147,5
05149,3
06001,160
06003,0
06005,6
06007,25
06009,11
06011,5
06013,138
06015,3
06017,18
06019,339
06021,5
06023,22
06025,107
06027,3
06029,548
06031,31
06033,26
06035,1
06037,3224
06039,51
06041,25
06043,0
06045,8
06047,89
06049,2
06051,0
06053,201
06055,12
06057,6
06059,1223
06061,67
06063,1
06065,874
06067,319
06069,6
06071,1637
06073,495
06075,138
06077,346
06079,21
06081,234
06083,54
06085,395
06087,22
06089,37
06091,0
06093,26
06095,97
06097,51
06099,126
06101,28
06103,34
06105,0
06107,73
06109,11
90006,0
06111,269
06113,27
06115,9
08001,101
08003,9
08005,88
08007,2
08009,1
08011,1
08013,12
08014,4
08015,2
08017,1
08019,2
08021,17
08023,3
08025,3
08027,4
08029,14
08031,91
08033,1
08035,27
08037,4
08041,171
08039,3
08043,14
08045,17
08047,0
08049,1
08051,1
08053,0
08055,1
08057,0
08059,99
08061,0
08063,2
08067,8
08065,1
08069,27
08071,2
08073,0
08075,3
08077,66
08079,0
08081,8
08083,5
08085,17
08087,5
08089,9
08091,2
80008,0
08093,0
08095,0
08097,0
08099,3
08101,64
08103,1
08105,7
08107,2
08109,4
08111,0
08113,1
08115,1
08117,1
08119,5
90008,0
08121,1
08123,40
08125,2
09001,147
09003,158
09005,19
09007,33
09009,215
09011,40
09013,23
09015,16
10001,87
10003,211
10005,113
90010,0
88888,0
11001,130
12001,51
12003,6
12005,50
12007,6
12009,168
12011,680
12013,5
12015,67
12017,59
12019,48
12021,88
12023,13
12027,22
12029,3
12031,308
12033,75
12035,22
12037,3
12039,13
12041,8
12043,4
12045,4
12047,4
12049,16
12051,14
12053,83
12055,62
12057,328
12059,5
12061,45
12063,8
12065,4
12067,2
12069,103
12071,137
12073,49
12075,20
12077,1
12079,2
12081,94
12083,193
12085,51
12086,1023
12087,6
12089,15
12091,40
12093,11
12095,206
12097,81
12099,403
12101,153
12103,220
12105,247
12107,33
12113,29
12115,102
12117,86
12109,23
12111,110
12119,46
12121,7
12123,6
90012,2106
12125,4
12127,183
12129,4
12131,8
12133,4
13001,8
13003,4
13005,6
13007,4
13009,28
13011,7
13013,30
13015,44
13017,11
13019,7
13021,87
13023,3
13025,12
13027,5
13029,9
13031,31
13033,13
13035,17
13037,1
13039,12
13043,9
13045,34
13047,14
13049,9
13051,104
13053,6
13055,10
13057,73
13059,30
13061,0
13063,139
13065,3
13067,209
13069,32
13071,30
13073,25
13075,3
13077,73
13079,5
13081,31
13083,4
13085,14
13089,251
13087,10
13091,11
13093,4
13095,33
13097,53
13099,3
13101,3
13103,16
13105,11
13107,6
13109,11
13111,15
13113,36
13115,45
13117,50
13119,13
13121,365
13123,17
13125,2
13127,21
13129,18
13131,11
13133,10
13135,258
13137,23
13139,100
13141,12
13143,14
13145,17
13147,6
13149,7
13151,72
13153,51
13155,6
13157,22
13159,7
13161,1
13163,11
13165,5
13167,3
13169,18
13171,10
13173,2
13175,17
13177,8
13179,17
13181,7
13183,2
13185,34
13187,23
13193,11
13195,9
13197,11
13189,9
13191,1
13199,33
13201,5
13205,11
13207,17
13209,2
13211,13
13213,21
13215,144
13217,70
13219,12
13221,4
80013,156
13223,59
13225,22
13227,10
13229,12
13231,13
13233,21
13235,9
13237,13
13239,2
13241,7
13243,2
13245,106
13247,37
13249,2
13251,11
13253,1
13255,47
13257,8
13259,4
13261,13
13263,1
13265,1
13267,12
13269,3
13271,7
13273,7
13275,15
13277,13
13279,18
13281,11
13283,12
13285,43
13287,10
13289,11
13291,19
13293,19
13295,14
13297,46
13299,38
13301,8
13303,21
13305,14
13307,0
13309,3
13311,10
13313,34
13315,3
13317,11
13319,4
13321,7
99999,0
66,12
15001,5
15003,64
15007,1
15009,28
80015,0
90015,0
16001,58
16003,1
16005,18
16007,0
16009,3
16011,14
16013,3
16015,0
16017,15
16019,30
16021,2
16023,0
16025,0
16027,43
16029,1
16031,3
16033,0
16035,2
16037,0
16039,7
16041,3
16043,0
16045,10
16049,1
16051,11
16053,4
16055,41
16057,6
16059,0
16061,5
16063,0
16065,6
16067,5
16069,8
16071,1
16073,6
16075,6
16077,1
16079,4
16081,0
16083,11
90016,0
16085,1
16087,1
17001,15
17003,3
17005,0
17007,9
17009,0
17011,14
17013,0
17015,3
17017,5
17019,33
17021,7
17023,4
17025,2
17027,4
17029,10
17031,1197
17033,3
17035,2
17039,7
17037,10
17041,3
17043,125
17045,5
17047,2
17049,5
17051,4
17053,5
17055,13
17057,15
17059,0
17061,2
17063,16
17065,1
17067,3
17069,0
17071,0
17073,13
17075,7
17077,5
17079,1
17081,8
17083,6
17085,2
17087,4
17089,99
17091,35
17093,14
17095,25
17099,35
17097,105
17101,3
17103,11
17105,17
17107,13
17115,30
17117,11
17119,81
17121,7
17123,4
17125,6
17127,8
17109,11
17111,34
17113,37
17129,4
17131,1
17133,11
17135,6
17137,17
17139,4
17141,11
80017,0
17143,85
17145,5
17147,0
17149,3
17151,1
17153,1
17155,0
17157,9
17159,2
17161,43
17165,10
17167,28
17169,2
17171,0
17173,4
17163,60
17175,3
17177,11
17179,69
90017,252
17181,5
17183,38
17185,0
17187,6
17189,2
17191,5
17193,1
17195,27
17197,148
17199,17
17201,84
17203,23
18001,7
18003,64
18005,10
18007,2
18009,5
18011,17
18013,4
18015,4
18017,13
18019,18
18021,5
18023,2
18025,3
18027,4
18033,7
18029,11
18031,5
18035,19
18037,7
18039,56
18041,8
18043,14
18045,8
18047,0
18049,8
18051,15
18053,24
18055,5
18057,29
18059,19
18061,13
18063,23
18065,18
18067,40
18069,6
18071,10
18073,13
18075,4
18077,14
18079,5
18081,34
18083,6
18085,14
18087,2
18091,29
18089,153
18093,15
18095,30
18097,163
18099,13
18101,1
18103,10
18105,17
18107,9
18109,18
18111,5
18113,12
18115,0
18117,6
18119,6
18121,0
18123,4
18125,2
18127,57
18129,4
18131,4
18133,3
18135,7
18137,10
18139,5
18143,8
18145,8
18147,1
18141,56
18149,8
18151,6
18153,4
18155,0
18157,30
18159,7
18161,0
18163,27
18165,2
18167,27
18169,8
18171,1
18173,6
18175,10
18177,10
18179,6
18181,2
18183,9
19001,4
19003,0
19005,6
19007,2
19009,4
19011,1
19013,29
19015,5
19017,9
19019,5
19021,4
19023,4
19025,2
19027,4
19029,4
19031,0
19033,17
19035,3
19037,4
19039,4
19041,2
19043,5
19045,10
19047,6
19049,9
19051,2
19053,0
19055,4
19057,15
19059,6
19061,21
19063,1
19065,8
19067,2
19069,4
19071,1
19073,1
19075,3
19077,4
19079,9
19081,5
19083,5
19085,4
19087,0
19089,1
19091,1
19093,3
19095,1
19097,5
19099,7
19101,3
19103,13
19105,3
19107,3
19109,12
19111,6
19113,30
19115,8
19117,2
19119,0
19121,1
19123,5
19125,9
19127,7
19129,4
19131,3
19133,4
19135,5
19137,2
19139,15
19141,3
19143,3
19145,3
19147,3
19149,5
19151,3
19153,97
19155,34
19157,6
19159,4
19161,2
19163,43
19165,5
19167,5
19169,3
19171,7
19173,0
90019,0
19175,4
19177,0
19179,16
19181,18
19183,4
19185,2
19187,10
19189,1
19191,10
19193,19
19195,1
19197,9
20001,4
20003,1
20005,3
20009,3
20011,5
20013,3
20015,10
20017,0
20019,0
20021,10
20023,0
20025,0
20027,3
20031,5
20033,3
20035,11
20037,14
20039,1
20041,8
20043,2
20045,5
20047,0
20049,0
20051,1
20053,1
20055,1
20057,14
20059,9
20061,9
20063,1
20065,2
20067,2
20069,0
20071,0
20075,0
20079,11
20081,0
20083,2
20085,2
20087,7
20089,2
20091,36
20095,2
20099,3
20101,0
20103,20
20105,1
20107,1
20109,0
20111,8
20115,0
20117,5
20113,3
20119,3
20121,2
20123,0
20125,16
20127,2
20129,0
20131,0
20133,14
20135,1
20137,1
20139,7
20141,1
20143,0
80020,0
20145,0
20147,2
20149,6
20151,1
20155,3
20157,0
20159,0
20161,16
20165,1
20167,1
20169,11
20171,3
20173,115
20175,8
20177,37
20179,2
20181,1
20183,1
20185,1
20189,2
20191,4
20193,4
20195,0
90020,0
20197,1
20199,0
20201,2
20203,0
20205,4
20207,0
20209,27
21001,5
21003,24
21005,8
21007,5
21009,34
21011,8
21013,23
21015,73
21017,13
21019,34
21021,42
21023,4
21025,5
21027,9
21029,35
21031,5
21033,9
21035,12
21037,33
21039,7
21041,11
21043,12
21045,6
21047,32
21049,12
21051,20
21053,5
21055,7
21057,4
21059,37
21061,7
21063,0
21065,10
21067,91
21069,11
21071,33
21073,31
21075,10
21077,14
21079,25
21081,9
21083,27
21085,13
21087,4
21089,40
21091,1
21093,76
21095,24
21097,18
21099,21
21101,22
21103,12
21105,9
21107,27
21109,3
21111,527
21113,24
21115,19
21117,84
21119,8
21121,36
21123,13
21125,55
21127,8
21129,7
21131,7
21133,18
21135,10
21137,28
21139,8
21141,23
21143,9
21151,27
21153,17
21155,15
21157,15
21159,9
21161,13
21145,66
21147,12
21149,4
21163,11
21165,4
21167,21
21169,11
21171,6
21173,6
21175,4
21177,21
21179,23
21181,3
21183,8
21185,16
21187,5
21189,6
21191,3
21193,28
21195,52
21197,10
21199,36
21201,1
21203,10
21205,9
21207,8
21209,10
21211,29
21213,16
21215,12
21217,22
21219,4
21221,7
21223,4
90021,0
21225,5
21227,56
21229,11
21231,8
21233,6
21235,41
21237,3
21239,18
22001,15
22003,8
22005,24
22007,3
22009,9
22011,16
22013,10
22015,52
22017,96
22019,111
22021,4
22023,1
22025,4
22027,7
22029,6
22031,9
22033,137
22035,5
22037,13
22039,21
22041,4
22043,6
22045,20
22047,11
22049,5
22051,88
22053,15
22059,4
22055,47
22057,11
22061,6
22063,42
22065,10
22067,13
22069,16
22071,51
22073,49
80022,0
22075,3
22077,5
22079,41
22081,2
22083,9
22085,12
22087,9
22089,11
22091,4
22093,3
22095,9
22097,26
22099,10
22101,27
22103,50
22105,59
22107,2
22109,31
90022,0
22111,9
22113,22
22115,12
22117,19
22119,22
22121,11
22123,3
22125,3
22127,8
23001,32
23003,10
23005,26
23007,3
23009,6
23011,31
23013,2
23015,1
80023,0
23017,17
23019,21
23021,6
23023,7
23025,7
90023,0
23027,3
23029,3
23031,22
24001,13
24003,130
24005,409
24510,379
24009,15
24011,11
24013,42
24015,39
24017,60
24019,20
24021,65
24023,5
24025,67
24027,40
24029,9
24031,222
24033,275
24035,15
24039,11
24037,18
24041,11
24043,81
24045,34
24047,14
25001,50
25003,14
25005,166
25009,163
25011,9
25013,141
25015,25
25017,203
25021,104
25023,106
25025,110
90025,0
25027,149
26001,9
26003,2
26005,44
26007,17
26009,10
26011,5
26013,7
26015,25
26017,65
26019,5
26021,60
26023,11
26025,86
26027,15
26029,9
26031,10
26033,8
26035,17
26037,24
26039,9
26041,11
26043,5
26045,56
26047,4
26049,224
26051,18
26053,5
26055,31
26057,18
26059,22
26061,2
26063,23
26065,112
26067,10
26069,8
26071,4
26073,28
26075,72
26077,82
26079,14
26081,159
26083,0
26085,6
26087,86
26089,5
26091,51
26093,50
26095,4
26097,0
26099,539
26101,2
26103,8
26105,11
26107,18
26109,6
26111,31
26113,10
26115,64
26117,27
26119,3
26121,70
26123,18
26125,477
26127,10
26129,9
26131,2
26133,8
26135,12
26137,14
26139,92
80026,4
26141,6
26143,23
26145,124
26151,49
26153,0
26155,31
26147,197
26149,18
26157,36
90026,0
26159,39
26161,62
26163,1066
26165,28
27001,4
27003,81
27005,16
27007,12
27009,8
27011,1
27013,9
27015,3
27017,9
27019,9
27021,9
27023,3
27025,10
27027,5
27029,3
27031,0
27033,4
27035,18
27037,87
27041,13
27043,3
27045,2
27047,11
27049,6
27051,0
27053,218
27055,2
27057,1
27059,13
27061,22
27063,2
27065,9
27067,11
27069,1
27071,8
27073,6
27075,3
27077,3
27079,8
27081,1
27083,10
27087,2
27089,2
27091,5
27085,12
27093,10
27095,9
27097,15
27099,3
27101,2
27103,4
27105,3
27107,1
27109,16
27111,17
27113,4
27115,7
27117,2
27119,10
27121,1
27123,110
27125,2
27127,14
27129,6
27131,21
27133,5
27135,4
27139,32
27141,24
27143,0
27137,58
27145,26
27147,8
27149,3
27151,0
27153,3
27155,0
90027,25
27157,0
27159,3
27161,6
27163,41
27165,1
27167,3
27169,3
27171,38
27173,3
28001,11
28003,13
28005,10
28007,4
28009,1
28011,11
28013,4
28015,6
28017,9
28019,3
28021,2
28023,9
28025,4
28027,17
28029,11
28031,5
28033,53
28035,23
28037,4
28039,6
28041,1
28043,11
28045,14
28047,51
28049,58
28051,4
28053,6
28055,0
28057,5
28059,26
28061,3
28063,1
28065,3
28067,23
28069,6
28071,11
28073,9
28075,18
28077,5
28079,4
28081,19
28083,7
28085,14
28087,14
28089,28
28091,3
28093,14
28095,11
28097,6
28099,13
28101,12
28103,6
28105,5
28107,18
28109,22
28111,4
28113,18
28115,4
28117,5
28119,5
28121,27
28123,6
28125,1
28127,13
28129,4
28131,8
28133,8
28135,3
28137,14
28139,3
28141,5
28143,4
90028,0
28145,5
28147,8
28149,14
28151,9
28153,2
28155,2
28157,6
28159,9
28161,4
28163,14
29001,6
29003,5
29005,0
29007,0
29009,6
29011,6
29013,10
29015,10
29017,3
29019,21
29021,21
29023,18
29025,6
29027,8
29029,17
29031,17
29033,2
29035,3
29037,30
29039,3
29041,2
29043,29
29045,4
29047,33
29049,1
29051,19
29053,1
29055,11
29057,4
29059,10
29061,0
29063,6
29065,3
29067,5
29069,31
29071,33
29073,8
29075,0
29077,106
29079,2
29081,0
29083,4
29085,3
29087,4
29089,4
29091,8
29093,2
29095,120
29097,45
29099,47
29101,14
29103,1
29105,26
29107,4
29109,19
29111,14
29113,17
29115,8
29117,11
29121,5
29123,0
29125,1
29127,13
29119,6
29129,0
29131,13
29133,4
29135,4
29137,2
29139,4
29141,5
29143,3
29145,21
29147,3
29149,3
29151,3
29153,8
29155,11
29157,4
29159,3
29161,20
29163,6
29165,11
29167,10
29169,13
29171,1
29173,1
29175,2
29177,11
29179,0
29181,3
29195,5
29197,4
29199,1
29201,12
29203,2
29205,0
29183,65
29185,1
29187,14
29189,339
29510,117
29186,2
29207,9
29209,18
29211,0
29213,18
29215,5
90029,0
29217,12
29219,11
29221,6
29223,4
29225,13
29227,1
29229,6
30001,4
30003,5
30005,0
30007,1
30009,6
30011,0
30013,40
30015,2
30017,3
30019,1
30021,4
30023,3
30025,0
30027,10
30029,36
30031,10
30033,0
30035,15
30037,0
30039,0
30041,7
30043,0
30045,0
30047,12
30049,25
30051,0
30053,6
30057,1
30055,1
30059,0
30061,5
30063,18
30065,6
30067,11
30069,0
30071,2
30073,0
30075,2
30077,4
30079,0
30081,22
30083,4
30085,3
30087,6
30089,6
30091,0
30093,6
30095,2
30097,0
30099,1
30101,1
30103,0
90030,0
30105,7
30107,2
30109,0
30111,47
31001,8
31003,1
31005,0
31007,0
31009,0
31011,0
31013,0
31015,0
31017,0
31019,2
31021,1
31023,0
31025,0
31027,0
31029,2
31031,1
31033,0
31035,0
31037,1
31039,4
31041,1
31043,8
31047,0
31051,1
31053,7
31055,94
31057,0
31061,1
31063,0
31065,1
31067,0
31069,0
31073,1
31075,0
31079,7
31081,1
31083,0
31085,0
31087,1
31089,1
31091,0
31095,0
31097,1
31099,0
31101,4
31103,0
31107,0
31109,12
31111,8
31113,0
31115,0
31119,2
31117,0
31121,1
31125,0
31127,2
31129,10
31131,3
31133,0
31135,0
31137,1
31139,0
31141,3
31143,0
31145,4
31147,2
31149,0
31153,26
31155,2
31159,6
31163,0
31165,0
31167,2
31169,0
31171,0
31173,1
90031,44
31177,4
31181,3
31183,0
31185,2
32510,11
32001,0
32003,844
32005,4
32007,9
32009,0
32011,0
32013,1
32015,1
32017,2
32019,12
32021,2
32023,16
32027,1
32029,0
90032,0
32031,49
32033,3
33001,11
33003,7
33005,9
33007,9
33009,10
33011,67
33013,13
33015,62
33017,26
33019,7
34001,129
34003,282
34005,141
34007,193
34009,29
34011,72
34013,364
34015,108
34017,309
34019,18
34021,87
34023,280
34025,240
34027,121
34029,323
34031,258
34033,25
34035,63
34037,36
90034,0
34039,226
34041,25
35001,118
35003,1
35005,21
35006,23
35007,0
35009,18
35011,2
35013,101
35015,27
35017,7
35019,5
35021,1
35023,0
35025,56
35027,4
35028,2
35029,16
35031,36
35033,2
35035,29
35037,3
35039,16
35041,9
35045,67
35047,6
35043,43
35049,13
35051,7
35053,9
35055,7
35057,4
90035,0
35059,1
35061,27
36001,26
36003,6
36005,716
36007,31
36009,17
36011,4
36013,23
36015,7
36017,8
36019,7
36021,8
36023,4
36025,6
36027,39
36029,211
36031,0
36033,0
36035,9
36037,6
36039,8
36041,0
36043,3
36045,5
36047,1401
36049,6
36051,4
36053,4
36055,126
36057,21
36059,266
36061,627
36063,63
36065,40
36067,50
36069,5
36071,127
36073,2
36075,4
36077,4
80036,61
36079,7
36081,1236
36083,13
36085,276
36087,69
36091,23
36093,28
36095,7
36097,2
36099,4
36089,12
36101,10
36103,328
36105,17
36107,7
36109,10
36111,30
36113,7
36115,3
36117,9
36119,195
36121,4
36123,0
37001,65
37003,11
37005,1
37007,5
37009,5
37011,1
37013,22
37015,4
37017,16
37019,25
37021,36
37023,26
37025,31
37027,33
37029,1
37031,13
37033,7
37035,34
37037,13
37039,20
37041,15
37043,0
37045,12
37047,15
37049,15
37051,56
37053,1
37055,2
37057,47
37059,15
37061,15
37063,36
37065,16
37067,87
37069,12
37071,70
37073,1
37075,1
37077,7
37079,9
37081,178
37083,19
37085,31
37087,13
37089,24
37091,4
37093,2
37095,1
37097,46
37099,8
37101,53
37103,13
37105,11
37107,23
37109,15
37113,13
37115,6
37117,9
37111,2
37119,127
37121,0
37123,11
37125,24
37127,34
37129,28
37131,33
37133,26
37135,8
37137,4
37139,9
37141,12
37143,3
37145,9
37147,19
37149,4
37151,33
37153,11
37155,74
37157,111
37159,34
37161,26
37163,23
37165,13
37167,27
37169,14
37171,33
37173,2
37175,6
37177,0
90037,0
37179,31
37181,9
37183,220
37185,2
37187,2
37189,4
37191,20
37193,14
37195,34
37197,11
37199,4
38001,0
38003,1
38005,2
38007,0
38009,0
38011,0
38013,2
38015,11
38017,17
38019,0
38021,1
38023,0
38025,0
38027,0
38029,1
38031,0
38033,1
38035,4
38037,0
38039,0
38041,0
38043,0
38045,0
38047,2
38049,2
38051,0
38053,3
38055,0
38057,2
38059,8
38061,1
38063,2
38065,1
38067,0
38069,1
38071,0
38073,1
38075,1
38077,1
38079,0
38081,1
38083,0
38085,1
38087,0
38089,3
38091,0
38093,3
38095,0
38097,0
90038,1
38099,3
38101,14
38103,0
38105,4
69,0
39001,10
39003,23
39005,13
39007,25
39009,7
39011,4
39013,20
39015,9
39017,56
39019,4
39021,7
39023,35
39025,38
39027,11
39029,17
39031,5
39033,13
39035,244
39037,11
39039,6
39041,11
39043,14
39045,17
39047,3
39049,160
39051,12
39053,6
39055,9
39057,22
39059,7
39061,112
39063,14
39065,4
39067,1
39069,2
39071,11
39073,6
39075,6
39077,13
39079,2
39081,19
39083,7
39085,44
39087,9
39089,29
39091,3
39093,52
39095,86
39097,8
39099,37
39101,4
39103,24
39105,4
39107,1
39109,27
39111,6
39113,85
39115,3
39117,5
39119,14
39121,2
39123,7
39125,4
39127,1
39129,6
39131,5
39133,26
39135,12
39137,7
39139,19
39141,26
39143,15
39145,14
39147,16
39149,10
39151,67
39153,134
39155,43
39157,20
90039,2
39159,3
39161,3
39163,4
39165,26
39167,5
39169,19
39171,5
39173,24
39175,4
40001,21
40003,2
40005,16
40007,0
40009,21
40011,12
40013,25
40015,40
40017,96
40019,72
40021,36
40023,13
40025,1
40027,173
40029,1
40031,66
40033,3
40035,7
40037,51
40039,35
40041,38
40043,8
40045,3
40047,61
40049,27
40051,54
40053,0
40055,5
40057,3
40059,4
40061,7
40063,13
40065,12
40067,7
40069,17
40071,48
40073,18
40075,11
40077,4
40079,24
40081,19
40083,37
40085,12
40093,13
40095,11
40097,37
40087,25
40089,31
40091,28
40099,22
40101,75
40103,7
40105,4
40107,12
40109,570
40111,38
40113,34
40115,30
80040,0
40117,21
40119,29
40121,43
40123,32
40125,54
40127,8
40129,5
40131,78
40133,39
40135,26
40137,40
40139,11
40141,3
40143,447
90040,0
40145,41
40147,30
40149,14
40151,7
40153,19
41001,10
41003,6
41005,67
41007,4
41009,11
41011,20
41013,6
41015,6
41017,28
41019,34
41021,0
41023,6
41025,5
41027,5
41029,44
41031,14
41033,23
41035,24
41037,2
41039,47
41041,2
41043,26
41045,9
41047,48
41049,3
41051,89
41053,15
41055,2
41057,3
41059,12
90041,0
41061,5
41063,2
41065,5
41067,46
41069,0
41071,17
42001,40
42003,307
42005,32
42007,43
42009,13
42011,144
42013,46
42015,18
42017,203
42019,54
42021,47
42023,3
42025,25
42027,19
42029,92
42031,13
42033,42
42035,13
42037,13
42039,21
42041,47
42043,71
42045,183
42047,6
42049,41
42051,68
42053,0
42055,53
42057,3
42059,9
42061,12
42063,20
42065,9
42067,8
42069,66
42071,140
42073,35
42075,36
42077,106
42079,100
42081,52
42083,13
42085,27
42087,16
42089,55
42091,193
42093,7
42095,76
42097,41
42099,17
42101,669
42103,6
42105,4
42107,45
42109,6
42111,34
42113,5
42115,9
42117,18
90042,0
42119,8
42121,19
42123,8
42125,54
42127,18
42129,109
42131,13
42133,116
72001,0
72003,0
72005,0
72007,0
72009,0
72011,0
72013,0
72015,0
72017,0
72019,0
72021,0
72023,0
72025,0
72027,0
72029,0
72031,0
72033,0
72035,0
72037,0
72039,0
72041,0
72043,0
72045,0
72047,0
72049,0
72051,0
72053,0
72054,0
72055,0
72057,0
72059,0
72061,0
72063,0
72065,0
72067,0
72069,0
72071,0
72073,0
72075,0
72077,0
72079,0
72081,0
72083,0
72085,0
72087,0
72089,0
72091,0
72093,0
72095,0
72097,0
72099,0
72101,0
72103,0
72105,0
72107,0
72888,0
72109,0
72111,0
72113,0
72115,0
72117,0
72119,0
72121,0
72123,0
72125,0
72127,0
72129,0
72131,0
72133,0
72135,0
72137,0
72139,0
72999,543
72141,0
72143,0
72145,0
72147,0
72149,0
72151,0
72153,0
44001,16
44003,52
44005,9
44007,190
44009,16
45001,6
45003,18
45005,0
45007,76
45009,5
45011,10
45013,28
45015,40
45017,1
45019,65
45021,24
45023,14
45025,12
45027,12
45029,22
45031,20
45033,7
45035,43
45037,5
45039,9
45041,45
45043,10
45045,174
45047,16
45049,9
45051,67
45053,8
45055,20
45057,31
45059,12
45061,8
45063,51
45067,10
45069,11
45065,2
45071,16
45073,19
45075,39
45077,40
45079,84
45081,2
45083,127
45085,37
90045,0
45087,7
45089,14
45091,66
46003,0
46005,1
46007,0
46009,4
46011,0
46013,7
46015,1
46017,1
46019,1
46021,0
46023,1
46025,0
46027,0
46029,6
46031,0
46033,1
46035,7
46037,2
46039,1
46041,3
46043,0
46045,2
46047,1
46049,0
46051,4
46053,1
46055,0
46057,2
46059,0
46061,0
46063,0
46065,6
46067,5
46069,0
46071,1
46073,0
46075,0
46077,4
46079,3
46081,3
46083,1
46085,1
46091,1
46087,1
46089,0
46093,0
46095,0
46097,1
46099,33
46101,4
46102,0
46103,18
46105,0
46107,0
46109,7
46111,0
46115,1
46117,0
46119,0
46121,5
46123,1
46125,5
90046,0
46127,4
46129,0
46135,6
46137,0
47001,22
47003,15
47005,2
47007,2
47009,22
47011,15
47013,2
47015,3
47017,0
47019,10
47021,13
47023,3
47025,8
47027,0
47029,7
47031,7
47033,2
47035,21
47037,91
47041,8
47039,2
47043,6
47045,6
47047,11
47049,5
47051,6
47053,10
47055,1
47057,4
47059,14
47061,5
47063,13
47065,51
47067,1
47069,0
47071,5
47073,20
47075,2
47077,6
47079,0
47081,6
47083,2
47085,11
47087,2
47089,8
47091,1
47093,73
47095,5
47097,8
47099,15
47101,1
47103,5
47105,6
47111,4
47113,15
47115,6
47117,8
47119,16
47107,15
47109,4
47121,3
47123,8
47125,21
47127,1
47129,1
47131,3
80047,0
47133,5
47135,2
47137,0
47139,2
47141,14
47143,10
47145,14
47147,24
47149,66
47151,5
47153,3
47155,15
47157,247
47159,4
47161,4
47163,42
47165,47
47167,3
47171,3
47173,0
47175,3
47177,10
47179,20
47181,6
47183,9
47185,9
47187,16
47189,47
48001,27
48003,1
48005,35
48007,8
48009,1
48011,1
48013,14
48015,10
48017,2
48019,8
48021,28
48023,2
48025,11
48027,105
48029,783
48031,3
48033,0
48035,8
48037,47
48039,166
48041,51
48043,7
48045,3
48047,5
48049,11
48051,13
48053,13
48055,15
48057,5
48059,3
48061,217
48063,4
48065,0
48067,8
48069,3
48071,10
48073,26
48075,1
48077,1
48079,1
48081,2
48083,5
48085,141
48087,0
48089,8
48091,59
48093,1
48095,1
48097,9
48099,15
48101,0
48103,0
48105,0
48107,3
48109,4
48111,4
48113,778
48115,1
48123,4
48117,5
48119,4
48121,142
48125,0
48127,15
48129,2
48131,5
48133,8
48135,47
48137,2
48141,404
48139,49
48143,4
48145,4
48147,10
48149,17
48151,1
48153,1
48155,2
48157,182
48159,2
48161,7
48163,11
48165,5
48167,118
48169,3
48171,5
48173,0
48175,3
48177,8
48179,5
48181,37
48183,57
48185,12
48187,37
48189,5
48191,0
48193,4
48195,4
48197,0
48199,24
48201,1640
48203,19
48205,0
48207,6
48209,53
48211,1
48213,39
48215,306
48217,17
48219,7
48221,25
48223,13
48225,17
48227,5
48229,1
48231,38
48233,3
48235,0
48237,1
48239,2
48241,18
48243,4
48245,105
48247,3
48249,26
48251,66
48253,6
48255,6
48257,52
48259,13
48261,0
48263,1
48265,13
48267,1
48269,0
48271,0
48273,13
48275,3
48283,8
48277,13
48279,4
48281,8
48285,5
48287,4
48289,7
48291,46
48293,18
48295,1
48297,2
48299,7
48301,0
48303,36
48305,3
48313,6
48315,6
48317,1
48319,1
48321,26
48323,57
48307,6
48309,54
48311,0
48325,15
48327,2
48329,29
48331,14
48333,1
48335,2
48337,8
48339,167
48341,7
48343,10
48345,0
48347,27
48349,27
48351,8
48353,3
48355,86
48357,2
48359,0
48361,44
48363,11
48365,10
48367,33
48369,1
48371,1
48373,31
48375,32
48377,1
48379,5
48381,32
48383,0
48385,1
48387,3
48389,6
48391,6
48393,0
48395,11
48397,34
48399,3
48401,17
48403,7
48405,3
48407,11
48409,22
48411,4
48413,0
48415,1
48417,3
48419,16
48421,0
48423,88
48425,3
48427,33
48429,1
48431,0
48433,0
48435,0
48437,1
48439,759
48441,54
48443,0
48445,3
48447,0
48449,6
48451,16
48453,200
48455,9
48457,10
90048,0
48459,18
48461,1
48463,12
48465,28
48467,23
48469,55
48471,19
48473,12
48475,4
48477,16
48479,107
48481,19
48483,2
48485,40
48487,5
48489,15
48491,97
48493,17
48495,1
48497,17
48499,15
48501,3
48503,5
48505,10
48507,5
49011,51
49035,175
49037,1
49043,6
49045,13
90049,0
49049,82
49051,2
50001,0
50003,6
50005,2
50007,19
50009,1
50011,4
50013,2
50015,1
50017,0
50019,5
50021,9
90050,0
50023,1
50025,2
50027,3
78,12
51001,11
51003,23
51510,22
51005,5
51007,16
51009,16
51011,9
51013,29
51015,21
51017,1
51019,42
51021,1
51023,11
51520,7
51025,9
51027,12
51029,3
51530,4
51031,47
51033,16
51035,19
51036,5
51037,7
51540,13
51550,117
51041,150
51043,3
51570,19
51580,3
51045,1
51047,17
51049,4
51590,39
51051,5
51053,19
51595,3
51057,5
51059,176
51600,6
51610,1
51061,18
51063,4
51065,6
51067,30
51620,7
51069,32
51630,6
51640,5
51071,10
51073,13
51075,9
51077,8
51079,13
51081,2
51083,16
51650,68
51085,40
51660,10
51087,143
51089,17
51091,1
51670,32
51093,18
51095,16
51099,4
51101,7
51097,1
51103,6
51105,7
51678,9
51107,46
51109,12
51111,10
51680,25
51113,3
51683,9
51685,0
51690,22
51115,3
51117,15
51119,5
51121,2
51125,6
51127,7
51700,66
51710,79
51131,4
51133,3
51720,1
51135,14
51137,14
51139,12
51141,10
51730,37
51143,21
51735,3
51740,64
51145,9
51147,9
51149,20
51153,94
51155,15
51750,14
51157,0
51159,4
51760,84
51161,39
51770,48
51163,12
51165,21
51167,8
51775,9
51169,12
51171,14
51173,9
51175,5
51177,25
51179,16
51790,4
51800,42
51181,2
51183,5
51185,22
90051,0
51810,115
51187,15
51191,20
51820,6
51193,7
51830,5
51840,11
51195,13
51197,21
51199,26
53001,3
53003,3
53005,29
53007,12
53009,8
53011,72
53013,2
53015,38
53017,0
53019,4
53021,23
53023,2
53025,23
53027,36
53029,4
53031,2
53033,285
53035,39
53037,7
53039,5
53041,33
53043,7
53045,15
53047,6
53049,5
53051,3
53053,115
53055,0
53057,18
53059,0
53061,85
53063,135
53065,9
53067,42
53069,3
53071,11
53073,26
53075,7
53077,37
54001,13
54003,38
54005,5
54007,3
54009,11
54011,19
54013,1
54015,6
54017,0
54019,13
54023,3
54025,13
54027,9
54029,4
54031,4
54033,12
54035,12
54037,23
54039,78
54041,5
54043,12
54045,21
54049,22
54051,13
54053,2
54047,7
54055,17
54057,15
54059,10
54061,22
54063,6
54065,10
54067,12
54069,20
54071,6
54075,3
54077,4
54079,19
54081,43
54083,7
54085,2
54087,2
54091,4
54093,2
54095,9
90054,0
54097,4
54099,13
54101,6
54103,13
54105,2
54107,46
54109,7
55001,6
55005,10
55007,2
55009,60
55011,0
55013,4
55015,10
55017,4
55019,5
55021,13
55023,2
55025,44
55027,25
55029,12
55031,26
55033,7
55035,8
55037,1
55039,45
55041,1
55043,10
55045,4
55047,4
55049,4
55051,3
55053,6
55055,11
55057,11
55059,25
55061,9
55063,15
55065,2
55067,7
55069,22
55071,15
55073,20
55075,9
55077,2
55078,0
55079,169
55081,18
55083,19
55085,9
55087,42
55089,27
55091,0
55093,5
55095,23
55097,8
55099,1
55101,52
55103,3
55105,38
55107,8
55111,11
55113,8
55115,4
55117,35
55109,25
55119,10
55121,10
90055,0
55123,4
55125,7
55127,23
55129,4
55131,60
55133,123
55135,13
55137,4
55139,25
55141,25
56001,7
56003,6
56005,6
56007,3
56009,3
56011,2
56013,5
56015,1
56017,0
56019,3
56021,24
56023,3
56025,10
56027,1
56029,8
56031,3
56033,4
56035,1
56037,10
56039,2
56041,2
90056,0
56043,0
56045,1
